Title,Location,Price,Details,City
10 Marla Brand New House In Sector-c2 Bahria Enclave Islamabad,"Bahria Enclave - Sector C2, Bahria Enclave",4.65 Crore,10Marla Brand New House is up for s,Islamabad
10 Marla Brand New House In Sector C2 Bahria Enclave Islamabad,"Bahria Enclave - Sector C2, Bahria Enclave",4.65 Crore,Are you Looking for 10Marla Villa I,Islamabad
Brand New One Kanal House For Sale at Prime Location,"DHA Defence Phase 2, DHA Defence",1.55 Crore,Newly Constructed At A Very Peacefu,Islamabad
25x40 Brand New Triple Storey House Is Available For Sale In D-12 3 CDA transfer Gas Connection Available,"D-12/3, D-12",9.5 Crore,25x40 Brand New Triple Storey House,Islamabad
A Palatial Residence For sale In I-8/4 Islamabad,"I-8/4, I-8",4 Crore,Triple Story House Is Available For,Islamabad
2 Beds Apartment Available For Sale On Installment In Faisal Margalla City (fmc) Adjacent B-17 Block A,"B-17, Islamabad",43.99 Lakh,"Project Features:
Spacious entrance",Islamabad
Prime Location 1800 Square Feet House In G-15/4 Best Option,"G-15/4, G-15",15 Crore,07 Marla House Available For sell i,Islamabad
7 Marla Double Unit House For Sale in D-17 Islamabad.,"Margalla View Housing Society, D-17",65 Lakh,"7 Marla Double Unit House. 
For Sal",Islamabad
D17 Islamabad House For Sale,"Margalla View Housing Society, D-17",2.6 Crore,Margalla View Housing Society 6.5 M,Islamabad
12 MARLA ELEGANT BRAND NEW DOUBLE STORY HOUSE FOR SALE,"CBR Town Phase 1 - Block C, CBR Town Phase 1",2.5 Crore,12 marla brand new double story hou,Islamabad
Your Search For Flat In Islamabad Ends Here,"Rawalpindi Housing Society, C-18",2.4 Crore,Third floor Two Bed Apartment Is Av,Islamabad
A Flat Of 288.9 Square Feet In Multi Residencia & Orchards,"Multi Residencia & Orchards, Islamabad",5.2 Crore,The Flat being offered might just b,Islamabad
5 Marla Brand New Beautiful Fully Designer House Available For Sale,"Bahria Enclave - Sector I, Bahria Enclave",49.6 Lakh,"Bahria Enclave Islamabad
House For",Islamabad
Reserve A Flat Now In Bahria Enclave - Sector G,"Bahria Enclave - Sector G, Bahria Enclave",33.27 Lakh,One bed apartment is available for,Islamabad
1 kanal House Available For sale in dha phase 1,"DHA Defence Phase 1, DHA Defence",2.4 Crore,"About the property
6) Bedrooms With",Islamabad
1 Kanal Double Unit House Available For Sale In Dha Phase 2,"DHA Phase 2 - Sector D, DHA Defence Phase 2",65 Lakh,"About The Property
6) Bedrooms With",Islamabad
Two Bed Apartment For Sale In Faisal Town F-18 Islamabad On Installment,"Faisal Town - F-18, Islamabad",8 Crore,Twin City Towers is RDA approved hi,Islamabad
Get In Touch Now To Buy A Flat In Multi Residencia & Orchards,"Multi Residencia & Orchards, Islamabad",7.75 Crore,"Look no further for properties, as",Islamabad
F-7 Brand new house for sale,"F-7, Islamabad",1.15 Crore,Marriott Estate And Builders Offer,Islamabad
F-7 Brand new house for sale,"F-7, Islamabad",43.11 Lakh,Marriott Estate And Builders Offer,Islamabad
F-7 House For Sale.,"F-7, Islamabad",60 Crore,Uk Property Advisors and offer a ve,Islamabad
G-6 House for Sale.,"G-6/3, G-6",60 Crore,Uk Property Advisors and offer a ve,Islamabad
E-7 brand new House for Sale.,"E-7, Islamabad",40 Crore,Uk Property Advisors and offer a ve,Islamabad
Gray Structure House For Sale,"PECHS - Block K Extension, PECHS",95 Crore,"Gray Structure House for sale
3 bed",Islamabad
"Bahria Enclave islamabad 
5 Marla Brand new house Available on Investor Rate Sector#N
Contact#03361414272","Bahria Enclave - Sector N, Bahria Enclave",66 Crore,"Bahria enclave Islamabad. . 

5 Mar",Islamabad
912 Square Feet Flat In I-16 For sale,"I-16, Islamabad",50 Lakh,"Flat For Sale In I_16
Size 912 Sqft",Islamabad
Park view city Islamabad 5 Marla villas Available on easy Monthly Installments,"Park View City, Islamabad",2.6 Crore,Park view city Islamabad 5 Marla vi,Islamabad
An Old Demolish able House / 1500 Sqyards/ F-6 Is Available For Sale,"F-6, Islamabad",1.26 Crore,"Details. 
1. Size 84 x 160 = 1500 s",Islamabad
An excellent apartment 2642 sqrft/ Centaurus is available for sale,"The Centaurus, F-8",55 Crore,An excellent apartment 2642 sqrft/,Islamabad
2 Bed Apartment (1182 Sq Feet) For Sale In Islamabad,"DHA Defence Phase 5, DHA Defence",15 Crore,"Ultra-luxury, ultra-modern, spaciou",Islamabad
"Ideal Prime Location 10 Marla House has landed on market in D-12, D-12","D-12, Islamabad",1.37 Crore,Brand New Designer Double Storey On,Islamabad
12 Marla House In G13,"G-13, Islamabad",3.85 Crore,"40*80 House For Sale In G13
brand N",Islamabad
2 Bed 2 Bath Flat For Sale First Floor Pha G-10,"G-10, Islamabad",13 Crore,"2 bed
2 bath
Tv lounge
Kitchen
GAS",Islamabad
2 Bedroom Apartment Available In Eighteen - Golf Course View,"Eighteen, Kashmir Highway",9.5 Crore,Eighteen is a perfect residential s,Islamabad
3 Bedroom Apartment - The finest apartment available in Eighteen Islamabad with scenic view of the Golf Course,"Eighteen, Kashmir Highway",2.15 Crore,Eighteen offers an ideal residentia,Islamabad
E-11 House For Sale,"E-11, Islamabad",4.39 Crore,Marriott Estate And Builders Offer,Islamabad
F-10/3 House for sale,"F-10, Islamabad",6.44 Crore,Marriott Estate And Builders Offer,Islamabad
One Bed Apartment For Sale On Easy Installment Plan Gulberg Residencia,"The Magnus Mall, Gulberg Residencia",12.3 Crore,The Magnus Mall Islamabad is an Ico,Islamabad
Two Bed Apartment For Sale | 2 Bed Flat On Installment | Twin City Towers Faisal Town Islamabad | Apartment For Sale On Easy Four Years Installment,"Faisal Town - F-18, Islamabad",30 Crore,Twin City Towers is RDA approved hi,Islamabad
Studio Apartment For Sale | Apartments For Sale on Instalment | 4-Years Easy Instalment Plan,"Faisal Town - F-18, Islamabad",1.72 Crore,Twin City Towers is RDA approved hi,Islamabad
Three Bed Flat Flor Sale | Flat For Sale In Gulberg Greens Islamabad | Apartments For Sale On Easy Instalment Plan | The Magnus Mall Gulberg Islamabad,"Gulberg Greens, Gulberg",1.36 Crore,The Magnus Mall Islamabad is an Ico,Islamabad
7 Marla House For Sale | House For Sale Gulberg Greens Islamabad | Gulberg Residencia | Gulberg Greens Islamabad | House For Sale,"Gulberg Residencia, Gulberg",74.17 Lakh,"7 Marla Brand New House For Sale 
B",Islamabad
5 Marla House Available For Sale,"Bahria Enclave - Sector N, Bahria Enclave",3 Crore,Regal Living In The Heart Of The Ca,Islamabad
1 Bed Flat Available For Sale,"Bahria Enclave - Sector G, Bahria Enclave",3.5 Crore,Regal living in the heart of the ca,Islamabad
Chance Deal Brand New Top location Park Facing 1 Bed Apartment Available For Sale.,"Bahria Enclave - Sector A, Bahria Enclave",2.35 Crore,One Bed Apartment Having 570sqft Av,Islamabad
"Top Beautiful Location,Murree Facing Properly 1 Bed Apartment Available For Sell.","Bahria Enclave - Sector G, Bahria Enclave",60 Lakh,Brand New 1 Bed Apartment Available,Islamabad
Best Options For Flat Is Available For sale In Bahria Enclave - Sector C,"Bahria Enclave - Sector C, Bahria Enclave",55 Lakh,"Apartment is available for sale

2",Islamabad
F-10/3 House for sale,"F-10, Islamabad",65 Lakh,Marriott Estate And Builders Offer,Islamabad
F-10/3 House for sale,"F-10, Islamabad",1.1 Crore,Marriott Estate And Builders Offer,Islamabad
E-11 House For Sale,"E-11, Islamabad",30 Crore,Marriott Estate And Builders Offer,Islamabad
2 Bed Apartment (1182 Sq Feet) For Sale In Islamabad,"E-11, Islamabad",3.85 Crore,"Ultra-luxury, ultra-modern, spaciou",Islamabad
2 Bed Apartment (1125 Sq Feet) For Sale In Islamabad,"F-11, Islamabad",3.85 Crore,"Ultra-luxury, ultra-modern, spaciou",Islamabad
"2 Bed Apartment (1182 Sq Feet) for Sale in Gulberg Greens, Islamabad","F-10, Islamabad",90.92 Lakh,"Ultra-luxury, ultra-modern, spaciou",Islamabad
2 Bed Apartment (1125 Sq Feet) for Sale in Islamabad,"B-17, Islamabad",3.85 Crore,"Ultra-luxury, ultra-modern, spaciou",Islamabad
2 Bed Apartment (1125 Sq Feet) for Sale in Islamabad,"Gulberg Residencia, Gulberg",3.85 Crore,"Ultra-luxury, ultra-modern, spaciou",Islamabad
2 Bedroom Apartment with servant quartar Available In Eighteen - Golf Course View,"Eighteen, Kashmir Highway",1.05 Crore,Best Apartments In Pavilion-17 At E,Islamabad
"Luxurious 3-bed apartment + servant quarter in Eighteen with 100% golf course view for sale. Modern amenities, serene surroundings.","Eighteen, Kashmir Highway",3.85 Crore,Best Apartments In Pavilion-17 At E,Islamabad
Brand New 6 bedroom Luxury house,"DHA Phase 2 - Sector B, DHA Defence Phase 2",4.39 Crore,1 kanal luxury house available for,Islamabad
10 MARLA USED HOUSE FOR SALE MPCHS F-17 ISLAMABAD ALL FACILITY AVAILABLE CDA APPROVED SECTOR,"F-17, Islamabad",6.03 Crore,10 MARLA USED HOUSE FOR SALE MPCHS,Islamabad
Kanal House Available For Sale In Dha Phase 2 Islamabad,"DHA Phase 2 - Sector D, DHA Defence Phase 2",9.95 Crore,We offer you Kanal brand new house,Islamabad
"Prime Location 1800 Square Feet House available for sale in G-13/2, Islamabad","G-13/2, G-13",2.81 Crore,Brand New 30x60 Modern Luxury House,Islamabad
Brand new 40x80 house available for sale in G-13,"G-13/3, G-13",8.85 Crore,"6 bedrooms 
7 bathrooms 
2 drawing",Islamabad
2 Beds Apartment Available For Sale On Installment In Faisal Margalla City (fmc) Adjacent B-17 Block A,"Faisal Margalla City, B-17",5.5 Crore,"Project Features:
Spacious entrance",Islamabad
2 Beds Apartment Available For Sale In Beautiful Sector Of Islamabad E-11 Golra,"E-11, Islamabad",9.5 Crore,"Project Features:
Available on grou",Islamabad
2 Beds Apartment Available For Sale In Beautiful Sector Of Islamabad E-11 Golra,"E-11, Islamabad",65 Lakh,"Available on ground Floor
Spacious",Islamabad
High $$$ rent: Fully Furnished 2 bed room Apt. on High floor Diplomatic Enclave,"Karakoram Diplomatic Enclave, Islamabad",1.25 Crore,This is rare opportunity to buy an,Islamabad
8 MARLA BRAND NEW DOUBLE STORY HOUSE FOR SALE,"Soan Garden - Block H, Soan Garden",1 Crore,"CLIENT SATISFACTION IS OUR GOAL 
HE",Islamabad
E-11 House For Sale,"E-11, Islamabad",6.5 Crore,Marriott Estate And Builders Offer,Islamabad
1 Bed Luxury Apartment available on 3 Years Instalment ( MALL OF KORANG),"Korang Town, Islamabad",3.5 Crore,1 Bed Luxury Apartment Available On,Islamabad
Tile Flooring Renovated Double Story House In I-10,"I-10, Islamabad",12.3 Crore,6 Marla Tile Flooring Renovated Dou,Islamabad
1.5 Kanal Brand New Beautiful Corner Triple Unit House Available For Sale In DHA PHASE 2 ISLAMABAD,"DHA Defence Phase 2, DHA Defence",39 Lakh,1.5 Kanal Brand New Beautiful Tripl,Islamabad
One Kanal Brand New Beautiful Double Unit House Available For Sale,"DHA Defence Phase 2, DHA Defence",4 Crore,"Prime Location Of DHA 2 ISLAMABAD
6",Islamabad
One Kanal Brand New Beautiful Double Unit House Available For Sale,"DHA Defence Phase 2, DHA Defence",16 Crore,"Prime Location Of DHA 2 ISLAMABAD
6",Islamabad
Kanal Brand New Beautiful Corner Triple Unit House Available For Sale In Dha Phase 2 Islamabad,"DHA Defence Phase 2, DHA Defence",8.6 Crore,"Prime Location Of DHA 2 ISLAMABAD
9",Islamabad
Kanal Brand New Beautiful Double Unit House On Main Boulevard Near Jacaranda Family Club,"DHA Defence Phase 2, DHA Defence",8.75 Crore,kanal Brand New Beautiful Double Un,Islamabad
Prime Location Flat For sale Situated In Bahria Garden City,"Bahria Garden City, Bahria Town",6.63 Crore,"TERMEZZO GLOF VIEW APPARTMENT
ONE B",Islamabad
A Liveable House / 1066 Sqyrds / F-7 Is Available For Sale,"F-7, Islamabad",43.5 Crore,"Details: 
1. Size 80. x 120 = 1066",Islamabad
1 Kanal House In Central DHA Defence Phase 2 For sale,"DHA Defence Phase 2, DHA Defence",83.7 Lakh,"Beautiful House 
Double Unit
2 Kitc",Islamabad
15 Marla Brand New House For Sale,"DHA Defence Phase 2, DHA Defence",13.75 Crore,Newly Constructed At A Very Peacefu,Islamabad
BRAND NEW DOUBLE UNIT FULL HOUSE FOR SALE IN DHA PHASE 2 IN REASONABLE PRICE,"DHA Defence Phase 2, DHA Defence",6.8 Crore,"BRAND NEW DOUBLE UNIT HOUSE

6 BEDR",Islamabad
Prime Location G-9/4 House For sale Sized 10 Marla,"G-9/4, G-9",40.55 Lakh,Prime Location Margalla View Double,Islamabad
Your Dream 2000 Square Feet Flat Is Available In Constitution Avenue,"Constitution Avenue, Islamabad",8.5 Crore,Buy a Flat from an investment point,Islamabad
Sector C 1 Kanal Prime Location House For Sale,"Bahria Enclave - Sector C, Bahria Enclave",7 Crore,Bahria Enclave islamabad Sector C 1,Islamabad
(35*70) Proper Corner First Entry Designer house for sale in G-13 Islamabad,"G-13, Islamabad",8.5 Crore,Beautiful made house with elegant d,Islamabad
Perfect 1 Kanal House In Soan Garden - Block F For sale,"Soan Garden - Block F, Soan Garden",7.65 Crore,Double Storey House Available For S,Islamabad
End Your Search For House Here And sale Now,"G-13/1, G-13",7.95 Crore,Brand New 25x40 Modern Luxury House,Islamabad
Affordable Prime Location House Of 1000 Square Feet Is Available For sale,"G-13/4, G-13",4.9 Crore,Brand New 25x40 Modern Luxury House,Islamabad
10 marla Brand new House for sale in Top City-1 islamabad,"Top City 1 - Block A, Top City 1",3.6 Crore,"10 Marla Brand new House 
Double un",Islamabad
10 marla Brand new House for sale in Top City-1 islamabad,"Top City 1, Islamabad",3.45 Crore,"Brand new Designer House 
10 marla",Islamabad
1 Kanal House For Sale In Top City-1,"Top City 1 - Block B, Top City 1",3.8 Crore,1 Kanal newly constructed house for,Islamabad
TRIPLE STORY 10 MARLA HOUSE FOR SALE,"Soan Garden - Block H, Soan Garden",4.25 Crore,"CLIENT SATISFACTION IS OUR GOAL 
HE",Islamabad
6 MARLA BRAND NEW DOUBLE STORY HOUSE FOR SALE,"Soan Garden - Block H, Soan Garden",8.5 Crore,6 Marla double story house for sale,Islamabad
One Kanal Brand New Beautiful Double Unit House Available For Sale,"DHA Defence Phase 2, DHA Defence",3.3 Crore,"Prime Location Of DHA 2 ISLAMABAD
6",Islamabad
One Kanal Brand New Beautiful Double Unit House Available For Sale,"DHA Defence Phase 2, DHA Defence",2.5 Crore,"Prime Location Of DHA 2 ISLAMABAD
6",Islamabad
One Kanal Brand New Beautiful Double Unit House Available For Sale,"DHA Defence Phase 2, DHA Defence",10.5 Crore,"Prime Location Of DHA 2 ISLAMABAD
6",Islamabad
1.5 Kanal Luxurious Furnished Triple Unit House Available For Sale,"DHA Defence Phase 2, DHA Defence",10.85 Crore,"DHA Phase 2 Islamabad
1.5 Kanal Lux",Islamabad
One Kanal Brand New Beautiful Designer House Double Unit House Available For Sale,"DHA Defence Phase 2, DHA Defence",10.9 Crore,Prime Location Of DHA 2 ISLAMABAD,Islamabad
One Kanal Brand New Beautiful Double Unit House Available For Sale,"DHA Defence Phase 2, DHA Defence",16.5 Crore,"Prime Location Of DHA 2 ISLAMABAD
6",Islamabad
One Kanal Brand New Beautiful Double Unit House Available For Sale,"DHA Defence Phase 2, DHA Defence",13.7 Crore,"Prime Location Of DHA 2 ISLAMABAD
6",Islamabad
3bedrooms apartment for sale in E 11 4,"E-11/4, E-11",12 Crore,"3bedrooms
Attach washrooms
Tv loung",Islamabad
1350 Sqft Brand New 3 Bed Dd Flat Easily Loan Process,"Grey Noor Tower & Shopping Mall, Scheme 33",1.45 Crore,"3 BED DD BRAND NEW
EASILY LOAN PROC",Karachi
VILLA IS AVAILABLE FOR SALE,"Bahria Town - Precinct 12, Bahria Town Karachi",1.4 Crore,"BAHRIA TOWN KARACHI 

PRECINCT 12",Karachi
"152 Square Yards House For sale In Rs. 13,000,000 Only","Bahria Town Karachi, Karachi",47.96 Lakh,The House comes with spacious rooms,Karachi
Prominently-Located Prime Location House Available In Bahria Town Karachi For sale,"Bahria Town Karachi, Karachi",1.3 Crore,Villa Available For Sale In Bahria,Karachi
272 Sq Yard Villa Available For Sale At Good Location Of Bahria Town Karachi,"Bahria Town - Precinct 30, Bahria Town Karachi",1.15 Crore,"COUNSTRUCT YOUR 272,SQYD PRECINT 30",Karachi
Ready To Move Villa In Precinct 12 Ali Block,"Bahria Town - Ali Block, Bahria Town - Precinct 12",1.39 Crore,We Are Authorized Dealer Of Bahria,Karachi
Sports City Villa Available On Reasonable Price,"Bahria Sports City, Bahria Town Karachi",2.6 Crore,We Are Authorized Dealer Of Bahria,Karachi
Ready To Move 500 Yard Bahria Paradise Villa,"Bahria Paradise - Precinct 51, Bahria Paradise",1.35 Crore,We Are Authorized Dealer Of Bahria,Karachi
House for sale 400 sq yards One Unit 5 bed dd,"Gulistan-e-Jauhar - Block 14, Gulistan-e-Jauhar",1.92 Crore,"Gulistan e jauhar
400 sq yards Hous",Karachi
Gray Structure For Sale In Ali Ze Garden Malir Khokhrapar,"Malir, Karachi",4.15 Crore,"Gray structure
04 Bed + DD
Only Fin",Karachi
Dha 1000 yard brand new modern style house phase 8 for sale,"DHA Phase 8 - Zone A, DHA Phase 8",6 Crore,"1000 YARDS ON 90 FRONT
BRAND NEW OW",Karachi
1150 Sq Feet Brand New 3 Bed Dd Flat,"Grey Noor Tower & Shopping Mall, Scheme 33",80 Lakh,"3 BED DD BRAND NEW
PRIME LOCATION
E",Karachi
Brand New Project Creek View Tower 3 Bedrooms Attached Bathroom D Tv American Kitchen 2200 Square Feet Car Parking 3 Lifts Backup Generator,"Clifton - Block 2, Clifton",27 Crore,Clifton Block 2 Brand New Project C,Karachi
"Clifton Block 2 Oyster View Residency Fully Renovated 3 Bedrooms Attached Bathrooms D TVL American Kitchen Oper Floor Corner West Open 2 Lifts Stand By Garnetor Demand 27,000,000 Negotiable","Clifton - Block 2, Clifton",1.15 Crore,Clifton Block 2 Oyster View Residen,Karachi
Clifton Block 2 Elegance Residency 3 Bedrooms Attached Bathrooms D TVL American Kitchen Oper Floor Corner West Open Car Parking 2 Lifts Backup Garnetor Demand 32500000 Negotiable,"Clifton - Block 2, Clifton",6 Crore,Clifton Block Elegance Residency 3,Karachi
Urgent Sale Small Complex 3 Bedrooms Attached Bathroom D Tv Lounge American Kitchen 1st Floor 2200 Square Feet Car Parking Total 6 Apartments,"Clifton - Block 2, Clifton",2.7 Crore,Clifton Block 2 Small Complex 3 Bed,Karachi
Bungalow Available For Sale 450 Yard Old Ravian Co-operative Society,"Gulistan-e-Jauhar, Karachi",3.2 Crore,"Bungalow
House For Sale. Demand. 75",Karachi
Spacious 1650 Sq Ft Flat Available For Sale In Scheme 33,"Scheme 33, Karachi",2.9 Crore,"Description
Flat for Sale in Scheem",Karachi
Portion Available For Sale 300 Yd 2nd Floor With Roof Block 1a G Jauhar,"Gulistan-e-Jauhar - Block 1-A, Gulistan-e-Jauhar",7.5 Crore,Grab This Auspicious Opportunity To,Karachi
Get In Touch Now To Buy A House In Gulistan-E-Jauhar - Block 12,"Gulistan-e-Jauhar - Block 12, Gulistan-e-Jauhar",1.85 Crore,"Bungalow Available For Sale
Gulista",Karachi
House Available For Sale In Gulistan-e- Jauhar Block 1 Main 200 Ft Road,"Gulistan-e-Jauhar - Block 1, Gulistan-e-Jauhar",2.6 Crore,"400 Yard Bungalow 
Available For Sa",Karachi
Spacious 300 Sq Yd House Available For Sale In Gulistan-e-jauhar,"Gulistan-e-Jauhar - Block 3, Gulistan-e-Jauhar",7.95 Crore,"Bungalow Available For Sale
300 Yar",Karachi
Portion Available For Sale 4 Bed D/D Gulistan e Jauhar Blpck 3,"Gulistan-e-Jauhar - Block 3, Gulistan-e-Jauhar",16 Crore,"Portion Available For Sale 
4 Bed D",Karachi
120 Sq Yd Corner Bungalow Available For Sale In Saadabad Block 4,"Gulistan-e-Jauhar - Block 4, Gulistan-e-Jauhar",7.5 Crore,"Bungalow Available For Sale 
Corner",Karachi
Spacious Bungalow For Sale 400 Yard Ground + 1 Block 2 Gulistan E Jauhar,"Gulistan-e-Jauhar, Karachi",2.95 Crore,"Description
Greeting Reai Estate
Ja",Karachi
300 yards Bungalow with Basement Available for Sale on Booking,"DHA Phase 6, DHA Defence",8.25 Crore,300 yards Beautiful House is availa,Karachi
Aesthetically Designed Fully Renovated Bungalow,"DHA Phase 4, DHA Defence",11.5 Crore,"Newly Renovated Like Brand New!

50",Karachi
"Precint 31, 235sq yds Villa Available For Sale At Good Location of Bahria Town Karachi","Bahria Town - Precinct 31, Bahria Town Karachi",1.5 Crore,235 sq yds Villa In Just Rs:160lacs,Karachi
dha phase 300 sq yard bunglow for sale 2+3Bedroom drawing dining kitchen cabinets out class solid construction work solid wood work important tile important fixtures fitting owner built,"DHA Phase 4, DHA Defence",1.45 Crore,dha phase 300 sq yard bunglow for s,Karachi
235 Square Yards House Up For Sale In Bahria Town Karachi Precinct 31,"Bahria Town - Precinct 31, Bahria Town Karachi",10.25 Crore,235 Square Yards House Up For Sale,Karachi
House For Sale In Gulshan E Noman Adjacent To Saima Green Valley Malir,"Malir, Karachi",22.88 Lakh,"House For sale
In Gulshan e Noman a",Karachi
Brand New Bungalow for Sale in off Khayaban e Roomi DHA Phase 8,"DHA Phase 8, DHA Defence",1.45 Crore,"Brand New Bungalow for Sale,

500 Y",Karachi
"Beautiful Spanish Villa Bungalow for Sale at Khayaban e Hilal Phase 6, DHA","DHA Phase 6, DHA Defence",75 Lakh,Architect Designed 1000 yards Spani,Karachi
2 Bed Flat For Sale At Court Regency,"Callachi Cooperative Housing Society, Karachi",17 Crore,Beautiful Brand New apartment for s,Karachi
Flat For sale in Saima Twin Towers,"KDA Scheme 1, Karachi",23 Crore,Beautiful Spacious Apartment for sa,Karachi
Brand New 3 Bed D/D 1250 Sq Feet Flat For Sale,"Grey Noor Tower & Shopping Mall, Scheme 33",2.3 Crore,"NEW PROJECT
PRIME LOCATION IN SCHEM",Karachi
Book A Flat Of 750 Square Feet In Grey Noor Tower & Shopping Mall Karachi,"Grey Noor Tower & Shopping Mall, Scheme 33",4.7 Crore,"BRAND NEW PROJECT 
Brand New 2 Bed",Karachi
Brand New House Corner Park Facing,"Gulistan-e-Jauhar - Block 2, Gulistan-e-Jauhar",1.45 Crore,Brand New Bungalow Available For Sa,Karachi
Brand New Portion Available For Sale With Roof,"Adamjee Nagar, Gulshan-e-Iqbal Town",80 Lakh,"Note:
Our Charges One Percent Of de",Karachi
300 Square Yards House For sale In Gulshan-e-Jamal,"Gulshan-e-Jamal, Gulshan-e-Iqbal Town",13.85 Crore,The House enjoys the ideal location,Karachi
3 Unit Stylish House,"DHA Phase 6, DHA Defence",5.5 Crore,"3 UNIT 500 YARDS HOUSE FOR SALE 
KH",Karachi
700 yards house @ Most prime location of phase 5,"DHA Defence, Karachi",5.35 Crore,"OLD BUNGLOW 700 YARDS FOR SALE 
MOS",Karachi
West Open,"North Nazimabad - Block L, North Nazimabad",11 Crore,"Upper portion available for sale
No",Karachi
500 Square Yards House For sale In North Nazimabad - Block F,"North Nazimabad - Block F, North Nazimabad",14 Crore,"House available for sale
North Nazi",Karachi
Upper Portion For sale In Karachi,"North Nazimabad - Block H, North Nazimabad",1.6 Crore,"North Nazimabad block H
Near haydri",Karachi
Reserve A Centrally Located Upper Portion In North Nazimabad - Block L,"North Nazimabad - Block L, North Nazimabad",9 Crore,"Upper portion available for sale
No",Karachi
"300 Square Yards Upper Portion available for sale in North Nazimabad - Block L, Karachi","North Nazimabad - Block L, North Nazimabad",2.3 Crore,"Upper portion available for sale
No",Karachi
"Noman Centre, Block 5, Gulshan-e-iqbal Flat Is Available","Gulshan-e-Iqbal - Block 5, Gulshan-e-Iqbal",3 Crore,"3 Bed, DD, fully renovated spacious",Karachi
House For Sale Mashriqi Cooperative Housing Society Sector 52-a,"Mashraqi Society, Scheme 33 - Sector 52-A",3.9 Crore,Brand New House For Sell One unit M,Karachi
Daimond City Brand New House For Sell,"Diamond City, Gulshan-e-Maymar",1.2 Crore,Daimond City Brand New House For Se,Karachi
235 Square Yards House Up For Sale In Bahria Town Karachi Precinct 27,"Bahria Town - Precinct 27, Bahria Town Karachi",1.6 Crore,235 Square Yards House Up For Sale,Karachi
"125 Square Yards House Up For Sale In Bahria Town Karachi Precinct 12 ( Ali Block ) Park Facing , Near PSO Petrol Pump","Bahria Town - Precinct 12, Bahria Town Karachi",1.4 Crore,125 Square Yards House Up For Sale,Karachi
Highly-Desirable Prime Location 950 Square Feet Flat Available In Bahria Town Karachi,"Bahria Town Karachi, Karachi",2.53 Crore,Launching Price Of This Apartment W,Karachi
dha phase 8 1000 sq yard purely onwner built basement with swimming pool slightly used well maintained just like brand new top class construction top class location,"DHA Phase 8, DHA Defence",55 Lakh,dha phase 8 1000 sq yard purely onw,Karachi
BaHria heights Apartment is available for sale,"Bahria Heights, Bahria Town Karachi",28 Crore,"Babria heights
1100 sqt 
2 bed , 2",Karachi
Brand new apartment at Al Raheem Corner,"Shaheed Millat Road, Karachi",22.88 Lakh,Beautiful Brand New apartment for s,Karachi
3 Bedrooms Luxury Villa for Sale in Bahria Town Precinct 10a,"Bahria Town - Precinct 10-A, Bahria Town Karachi",70 Lakh,Bahria Town is a pioneer in Pakista,Karachi
Prime Location 500 Square Yards House For sale Is Available In Falcon Complex New Malir,"Falcon Complex New Malir, Malir",4.9 Crore,Practicality as well as design have,Karachi
Prime Location 500 Square Yards House In DHA Phase 8,"DHA Phase 8, DHA Defence",1.65 Crore,500 Sq. Yds. Brand New Bungalow For,Karachi
"Underpriced, High-end Luxurious Flat In Askari 5 - This won't last long!","Askari 5, Malir Cantonment",9.7 Crore,A Flat you have been looking to buy,Karachi
240 Yard Double Story Maintain House,"Gulshan-e-Iqbal - Block 4A, Gulshan-e-Iqbal",17 Crore,"Gulshan-e-Iqbal
VVIP Block 4-A
240",Karachi
600 Yard Double Storey West Open House On 60 Feet Wide Road,"Gulshan-e-Iqbal - Block 7, Gulshan-e-Iqbal",4.7 Crore,"Gulshan e Iqbal
Block 7
600 Sq Yard",Karachi
Ready To Move Brand New Luxury 1 Bed Studio Apartment For Sale Located In Burkey Height Precinct 2 Bahria Town Karachi,"Bahria Town - Precinct 2, Bahria Town Karachi",5.25 Crore,"Burkey Height 
540 sq feets
Studio",Karachi
3 BED DD FLAT AVAILABLE FOR SALE,"Shaheed Millat Road, Karachi",9.7 Crore,"*Room &amp; Roof Real Estate*
*Well",Karachi
3 BED DD GROUND FLOOR AVAILABLE FOR SALE,"Kashmir Road, Karachi",58 Lakh,3 Bed dd available for sale ( 1500,Karachi
Beautiful Semi-Furnished Apartment for Sale in Brand New Building,"Guru Mandir Chorangi, Karachi",6 Crore,Nestled in the heart of a vibrant n,Karachi
Prime Location House For sale In Karachi,"Gulshan-e-Maymar - Sector X, Gulshan-e-Maymar",2.6 Crore,"BRAND NEW HOUSE FOR SALE

Size : 20",Karachi
Brand New House For Sell Mashriqi Cooperative Housing Society Sector 52-a,"Mashraqi Society, Scheme 33 - Sector 52-A",2 Crore,Brand New House For Sell Mashriqi C,Karachi
Diamond City House For Sale,"Diamond City, Gulshan-e-Maymar",3.5 Crore,Daimond City 120 Sqyd G+1 House For,Karachi
Flat For Sale,"Abul Hassan Isphani Road, Karachi",1.85 Crore,Commercial Flat For Sale 800sqft 3r,Karachi
Commercial Corner Portion For Sale In Scheme 33,"Scheme 33, Karachi",1.7 Crore,"Commercial portion For Sale 
1200 S",Karachi
Flat For Sale With Roof,"Scheme 33, Karachi",45 Lakh,Beautiful Flat For Sale With Roof S,Karachi
Buying A Brand New House In Gwalior Cooperative Housing Society?,"Gwalior Cooperative Housing Society, Scheme 33",1.5 Crore,Brand New House Gwalior-Society-Sec,Karachi
Beautiful House For Sale,"Gwalior Cooperative Housing Society, Scheme 33",1.15 Crore,CONSTRUCT YOUR DREAM HOUSE WEST OPE,Karachi
Upper Portion For Sale,"Abul Hassan Isphani Road, Karachi",2.6 Crore,Beautiful Upper Portion For Sell Fi,Karachi
666 yards Beautiful Bungalow available for sale,"DHA Phase 6, DHA Defence",14.5 Crore,666 yards Bungalow is available for,Karachi
A House At Affordable Price Awaits You in the heart of Bahria Town,"Bahria Town Karachi, Karachi",1.25 Crore,VILLA BOOKING ON INSTALLMENT WITH P,Karachi
Prime Location 800 Square Yards House In Karachi Is Available For sale,"DHA Phase 6, DHA Defence",2.53 Crore,800 YARDS bungalow on 35th Street b,Karachi
On Excellent Location 1000 Square Yards House For sale In Beautiful DHA Phase 8,"DHA Phase 8, DHA Defence",29 Crore,"Neighborhood: DHA PHASE VIII
Style:",Karachi
Good Location 500 Square Yards House For sale In DHA Phase 6,"DHA Phase 6, DHA Defence",35.5 Crore,500 Square Yards Brand New Bungalow,Karachi
"Must-see, Bright and High-end Flat In Askari 5 - Call now!","Askari 5, Malir Cantonment",21.05 Lakh,The Flat is designed keeping in min,Karachi
500 Sqyds First Floor Portion For Sale,"PECHS Block 2, PECHS",19.5 Crore,"4 bedroom 
Drawing/Dining
West Open",Karachi
Hamna Property Offer 2 Bed Apartment On Easy Installment Plan,"Bahria Town Karachi, Karachi",3.8 Crore,2 bed apartment on easy 3 year inst,Karachi
"Architect house 700 yards like brand new 
6 bedrooms +study swimming pool prime location","DHA Phase 7, DHA Defence",5.3 Crore,"700 yards like brand new 
famous ar",Karachi
Nazimabad 5 Upper Portion For sale Sized 88.89 Square Yards,"Nazimabad 5, Nazimabad",40 Lakh,"Nazimabad. no. 5
Portion Is Availab",Karachi
"400 Yard Single Story Maintain House Block 4-A, Gulshan-e-Iqbal.","Gulshan-e-Iqbal - Block 4A, Gulshan-e-Iqbal",17.75 Crore,"Gulshan-e-Iqbal
VVIP Block 4-A
400",Karachi
"600 Yard Double Story well Maintain House in Block 4,near Disco Bekary, Gulshan-e-Iqbal.","Gulshan-e-Iqbal - Block 4, Gulshan-e-Iqbal",68 Lakh,"Gulshan-e-Iqbal
VVIP Block 4
600 Sq",Karachi
1000 Yards Owner Built House for Sale in DHA Phase-5,"DHA Phase 5, DHA Defence",6 Crore,"""Discover Timeless Elegance: A Well",Karachi
500 YARDS BRAND NEW FOR SALE,"DHA Phase 6, DHA Defence",12.5 Crore,"BRAND NEW HOUSE
31st Street off Muh",Karachi
Chapal Courtyard Flat Available For Sale,"Chapal Courtyard, Karachi",18 Crore,"Chapal Courtyard
2 Bed Lounge Attac",Karachi
Urgently Sale New Condition 100 Sq Yard Corner Leased Bungalow For Sale Block 12,"Gulistan-e-Jauhar - Block 12, Gulistan-e-Jauhar",15.5 Crore,New Condition 100 Sq Yards D Storey,Karachi
Prime Location 1000 Square Feet Flat In Only Rs. 6500000,"Gulistan-e-Jauhar - Block 17, Gulistan-e-Jauhar",89 Lakh,"Munir Heaven Flat for Sale 
1000 Sq",Karachi
Beautiful Corner Upper Portion For Sale,"Al-Hilal Society, Karachi",1.6 Crore,Beautiful Conner Upper Portion For,Karachi
sales,"DHA Phase 2 Extension, DHA Defence",65 Lakh,apatment for sale dha phase 2 ext,Karachi
2 Bed Luxury apartment available for sale on easily Instalments,"Bahria Town - Precinct 11, Bahria Town Karachi",3.75 Crore,if you wanna book your own apartmen,Karachi
Luxury Apartment For Sale On Easy Installment Plans Bahria Town Karachi,"Bahria Town - Precinct 16, Bahria Town Karachi",90 Lakh,"Description
Project name Capital Ve",Karachi
Book Your Studio Apartment On Puckett Friendly Installments,"Bahria Town - Precinct 16, Bahria Town Karachi",87 Lakh,"Description
Project name Capital Ve",Karachi
Book Your Studio Apartment On Packet Friendly Installments,"Bahria Town - Precinct 16, Bahria Town Karachi",33 Lakh,"Description
Project name Capital Ve",Karachi
Ready To Move Apartment For Sale Located In Bahria Town Karachi,"Bahria Town - Precinct 16, Bahria Town Karachi",28 Lakh,READY TO MOVE APARTMENT FOR SALE LO,Karachi
Ready To Move Apartment For Sale Located In Bahria Town Karachi,"Bahria Town - Precinct 16, Bahria Town Karachi",32 Lakh,READY TO MOVE APARTMENT FOR SALE LO,Karachi
1 Kanal Brand New Modern Design Luxury Bungalow For Sale Top Location Of Dha Phase 6,"DHA Phase 6 - Block N, DHA Phase 6",6.95 Crore,"One Kanal Bungalow Details 

5 Mast",Lahore
1 Kanal Mazhar Munir Designer Bungalow For Sale In DHA Phase 7,"DHA Phase 7, DHA Defence",5.96 Crore,1 Kanal full basement furnished Mod,Lahore
21.5 Marla Mazhar Munir Designer Bungalow Corner House In DHA Phase 6,"DHA Phase 6, DHA Defence",65.6 Lakh,Very Beautiful Brand New House Is A,Lahore
1 Kanal Mazhar Munir Designer Bungalow Swimming Pool Fully Furnished,"DHA Phase 5 - Block H, DHA Phase 5",7.65 Crore,1 Kanal house located on 50 feet Ro,Lahore
1 Kanal Brand New Full Modern Villa Available For Sale Near Park & Macdonald,"DHA Phase 7, DHA Defence",9.9 Crore,HOTLINK REAL ESTATE OFFERS' HIDDEN,Lahore
Modern Style 1 Kanal Beautiful Dream Home Near Park In Phase 6,"DHA Phase 6, DHA Defence",47 Lakh,Wealth Real Estate &amp; Builders O,Lahore
Modern Style Double Heighted Lobby 1 Kanal House in Phase 7,"DHA Phase 7, DHA Defence",6.95 Crore,"Wealth Real Estate &amp; Builders,",Lahore
3 Bed Luxury Apartment For Sale In Dha Phase 8 Lahore,"DHA Phase 8 - Block Q, DHA Phase 8",7 Crore,"A&amp;A Properties
3 Bed Fully Luxu",Lahore
2 Bed Fully Furnished Luxury Apartment For Sale In Dha Phase 8 Lahore,"DHA Phase 8 - Block Q, DHA Phase 8",6.37 Crore,"A&amp;A Properties
2 Bed Furnished",Lahore
1 Kanal Brand New Spanish House available for sale,"DHA Phase 7, DHA Defence",2.7 Crore,"SPANISH DESIGN HOUSE
- Faisal Rasoo",Lahore
3 Beds 5 Marla Brand New House For Sale Located In Overseas C Block Bahria Town Lahore,"Bahria Town - Overseas C, Bahria Town - Overseas Enclave",1.3 Crore,3 Beds 5 Marla Brand New House For,Lahore
BRAND NEW ULTRA MODERN 10 MARLA HOUSE FOR SALE LOCATED IN SECTOR C BAHRIA TOWN LAHORE,"Bahria Town - Sector C, Bahria Town",9.25 Crore,BRAND NEW ULTRA MODERN 10 MARLA HOU,Lahore
"8 Marla slightly used Spanish house for sale 
LDA approved area Gas available hot location","Bahria Orchard Phase 1 - Northern, Bahria Orchard Phase 1",2.1 Crore,"Bahria Orchard
 8 Marla Full House",Lahore
5 Marla brand new Spanish house for sale in behria prime block C near to park monoment hot location,"Low Cost - Block C, Low Cost Sector",3.5 Crore,"Assalam o Alaikum 

5 Marla brand n",Lahore
Modern Edge Villa With Basement 1 Kanal House In Phase 6,"DHA Phase 6, DHA Defence",2.2 Crore,This Villa Is Located Near At peak,Lahore
Modern Designed 1 Kanal Beautiful House in DHA Phase 5,"DHA Phase 5, DHA Defence",1.74 Crore,Wealth Estate Offer everyone To Get,Lahore
Luxurious Designer 10 Marla brand new House For Sale in Bahria Town Lahore,"Bahria Town - Overseas Enclave, Bahria Town",7.2 Crore,Luxurious Designer 10 Marla Brand N,Lahore
1 Kanal Brand New House For Sale Lower Portion Furnished In Sactor E Bahria Town Lahore,"Bahria Town - Sector E, Bahria Town",8.5 Crore,1 Kanal brand new owner build modre,Lahore
Newly Build 5 Marla Modern House For Sale,"Bedian Road, Lahore",3.75 Crore,"5 Marla House for sale 

Location:",Lahore
Newly Build 5 Marla Modern House For Sale,"Bedian Road, Lahore",8.5 Crore,"5 Marla House for sale 

Location:",Lahore
5 Marla Spanish House for sale,"Bedian Road, Lahore",1.1 Crore,"5 Marla Spanish House for sale 

Lo",Lahore
2 kanal farmhouse for sale,"Orchard Greenz, Bedian Road",1.1 Crore,"Orchard Greenz
Luxury Farmhouse Soc",Lahore
20 Marla brand new farmhouse for sale,"Orchard Greenz, Bedian Road",1.35 Crore,"Orchard Greenz
Luxury Farmhouse Soc",Lahore
beautiful farmhouse for sale,"Barki Road, Cantt",90 Lakh,05 Master Size Bed Rooms with attac,Lahore
5 marla brand new house for sale,"Bankers Avenue Cooperative Housing Society, Lahore",45 Lakh,04Master Size Bed Rooms with attach,Lahore
Out Standing Top Quality Modern Designed Bungalow With Hot Location For Sale At Very Reasonable Price,"DHA Phase 6, DHA Defence",7.9 Crore,HOTLINK REAL ESTATE OFFERS' HIDDEN,Lahore
10 Marla 3 Bedroom Apartment Available For sale In Askari 11 sector D Lahore Cantt,"Askari 11, Askari",3.35 Crore,10 Marla 3 Bedroom Apartment Availa,Lahore
1 Kanal Brand New Spanish Design House For Sale In DHA Phase 6,"DHA Phase 6, DHA Defence",1.29 Crore,"Property Dera, Proudly Offer and Pr",Lahore
5 Marla Brand New modern Design House For Sale In DHA 9 Town,"DHA 9 Town, DHA Defence",14.5 Crore,"PROPERTY DERA OFFERS
5 Marla Brand",Lahore
Open View 10 Marla 3 Bedroom Apartment For Sale In Sec F Askari 10 Lahore Cantt,"Askari 10 - Sector F, Askari 10",2.6 Crore,Open View 10 Marla 3 Bedroom Apartm,Lahore
10 Marla House Available For Sale In Gulbahar Block,"Bahria Town - Gulbahar Block, Bahria Town - Sector C",1.93 Crore,"10 Marla House Available For Sale
F",Lahore
5 Beds Slightly Used 10 Marla House For Sale Located In Shaheen Block Bahria Town Lahore,"Bahria Town - Shaheen Block, Bahria Town - Sector B",2.85 Crore,5 Beds Slightly Used 10 Marla House,Lahore
Modern Corner Style 10 Marla House With Extra Rooms In Phase 6,"DHA Phase 6, DHA Defence",3.15 Crore,"Amazing Woodwork, All Teak Wood Ash",Lahore
Prime Location Lake City - Sector M7 - Block A House For sale Sized 9 Marla,"Lake City - Sector M7 - Block A, Lake City - Sector M-7",3 Crore,9 Marla brand new house for sale in,Lahore
Kanal Single Storey Beautiful House For Sale In Chinar Bagh Lda Approved 50 Ft Rd Near Park Demand 280 Lac,"Chinar Bagh, Lahore",5 Crore,One kanal single storey beautiful h,Lahore
1 Kanal Faisal Rasool Designer House For Sale Near Defence Raya Top Location Best Opportunity Beautiful House,"DHA Phase 6, DHA Defence",4.1 Crore,"One Kanal Bungalow Details 

5 Mast",Lahore
Modern Designed Facing Park 1 Kanal Beautiful Luxury Bungalow For Sale In Dha Phase 6,"DHA Phase 6 - Block D, DHA Phase 6",2.9 Crore,"One Kanal Bungalow Details 

5 Mast",Lahore
Luxurious Designer 1 Kanal Brand New House For Sale In Bahria Town Lahore,"Bahria Town - Overseas Enclave, Bahria Town",11.75 Crore,Luxurious Designer 20 Marla Brand N,Lahore
Luxurious Designer 10 Marla brand new House For Sale in Bahria Town Lahore,"Bahria Town - Sector C, Bahria Town",8.5 Crore,Luxurious Designer 10 Marla Brand N,Lahore
Luxurious Designer 5 Marla brand new House For Sale in Bahria Town Lahore,"Bahria Town - Overseas Enclave, Bahria Town",10 Crore,HomesMaster. PK Real Estate and Bui,Lahore
Full Furnished Spanish Villa Near Park,"DHA Phase 5, DHA Defence",4 Crore,06 Master Size Bed Rooms With Attac,Lahore
Victorian Design Kanal Brand New Supreme Palace,"DHA Phase 7, DHA Defence",2.05 Crore,1 Kanal Antique Design Kanal Brand,Lahore
9 marla brand new house for sale,"Bankers Avenue Cooperative Housing Society, Lahore",15 Crore,05 Master Size Bed Rooms with attac,Lahore
2 Bed Luxury Apartment Is For Sale In Dha Phase 8 Lahore,"DHA Phase 8 - Block Q, DHA Phase 8",6.75 Crore,"A&amp;A Properties
2 Bed Luxury Apa",Lahore
5 Marla Brand New House For Sale In Sadaat Town Bedian Road Lahore,"Sadaat Town, Lahore",2.4 Crore,"A&amp;A Properties
5 Marla Brand Ne",Lahore
2 Kanal House For Sale,"Model Town Link Road, Model Town",1.5 Crore,Irresistible House for sale with un,Lahore
Modern Style 1 Kanal Beautiful House For Sale in DHA Phase 6,"DHA Phase 6, DHA Defence",1.7 Crore,"Wealth Real Estate &amp; Builders,",Lahore
5 MARLA DOUBLE STORY GOOD LOCATION HOUSE AVAILABLE FOR SALE IN WAPDA TOWN,"Wapda Town, Lahore",11.25 Crore,5 MARLA DOUBLE STORY GOOD LOCATION,Lahore
5 MARLA TRIPLE STORY HOUSE AVAILABLE FOR SALE IN WAPDA TOWN,"Wapda Town Phase 1 - Block G4, Wapda Town Phase 1",10.35 Crore,5 MARLA TRIPLE STORY HOUSE AVAILABL,Lahore
5 Marla Perfect Location House Available For Sale In Dha 11 Rahbar,"DHA 11 Rahbar, Lahore",2.5 Crore,5 MARLA PERFECT LOCATION HOUSE AVAI,Lahore
Full Renovated Extra Land 5 Bedroom House For Sale In Sec F Askari 10 Lahore,"Askari 10 - Sector F, Askari 10",10 Crore,"10,000 KV Wad Solar Install Full Re",Lahore
.,"DHA Phase 6 - Block L, DHA Phase 6",6.1 Crore,4 Master Bedrooms With Attached Bat,Lahore
5 marla new house for sale with gas,"State Life Phase 1 - Block A, State Life Housing Phase 1",84.3 Lakh,"5 marla house or sale
3 bedroom 
A",Lahore
One kanal brand new house for sale just one year used with gas,"State Life Housing Phase 1, State Life Housing Society",1.99 Crore,"pics original
one year use
almost b",Lahore
5 Marla Brand New Modern Designer Bungalow For Sale Near In Dha 9 Town,"DHA 9 Town, DHA Defence",5.5 Crore,"NEW HIRA ESTATE OFFERS 

5 MARLA BR",Lahore
One Kanal Corner Double Storey House For Sale In Chinar Bagh Housing Society Demand 450 Lac,"Chinar Bagh, Lahore",1.93 Crore,One kanal corner double storey hous,Lahore
Elegant Design Brand New Bungalow,"DHA Phase 7, DHA Defence",1.9 Crore,1 Kanal Antique Design Kanal Brand,Lahore
3 Marla Brand New House On Prime Location Available For Sale In New Lahore City,"New Lahore City - Phase 2, New Lahore City",4.5 Crore,Ideally Located On Canal Bank Road,Lahore
Fully Furnished 10 Marla House Available In TIP Housing Society - Phase 2 For sale,"TIP Housing Society - Phase 2, TIP Housing Society",6.75 Crore,The House comes well-fitted with mo,Lahore
Prime Location 1 Kanal House For sale In Lake City - Sector M-2 Lahore,"Lake City - Sector M-2, Lake City",86 Lakh,1 kanal brand new house for sale in,Lahore
Full Basement Semi Furnished Plus Home Theater & Swimming Pool Brand New 1 Kanal Luxury Modern Design Bungalow For Sale In Dha Phase 5 Hot Location,"DHA Phase 5, DHA Defence",3.5 Crore,"One Kanal Bungalow Details 

6 Mast",Lahore
11 marla double unit spanish 5bed house for sale,"DHA Phase 8 - Ex Air Avenue, DHA Phase 8",9 Crore,its an ideal double unit 5 bed room,Lahore
"Brand New House with All Facilities, Installments Plan Available","Mustafabad Lalyani, Lahore",17.5 Crore,"My Homes Housing Scheme Phase 2
1-k",Lahore
Brand New House at Reasonable Prices in MY Homes Housing Scheme,"Mustafabad Lalyani, Lahore",5.27 Crore,"My Homes Housing Scheme Phase 2
1-k",Lahore
Brand New Beautiful House at Reasonable Prices in MY Homes Housing Scheme,"Lahore - Kasur Road, Lahore",24 Lakh,"My Homes Housing Scheme Phase 2
1-k",Lahore
10 Marla Iris Block Sector C Ideal Location Like New Houses,"Bahria Town - Sector C, Bahria Town",24 Lakh,Kahaf Associates and Marketing Offe,Lahore
10 Marla brand new house for sale at very attractive price in sector E,"Bahria Town - Sector E, Bahria Town",24 Lakh,Khurram Associates and Marketing Of,Lahore
5 MARLA BRAND NEW HOUSE FOR SALE IN DHA PHASE 2,"DHA 11 Rahbar Phase 2, DHA 11 Rahbar",3.35 Crore,5 Marla brand new double story Hous,Lahore
Perfect Location 5 Marla Double Storey Corner Facing Park House Available For Sale In Wapda Town,"Wapda Town, Lahore",3.65 Crore,PERFECT LOCATION 5 MARLA DOUBLE STO,Lahore
Modern Style 1 Kanal Villa Near Park In Dha Phase 7,"DHA Phase 7, DHA Defence",2 Crore,"Wealth Real Estate &amp; Builders,",Lahore
Modern Style One Kanal Beautiful House in DHA Phase 6 For Sale,"DHA Phase 6, DHA Defence",2.3 Crore,"Wealth Real Estate &amp; Builders,",Lahore
Facing Park 1 Kanal Modern Fully Furnished House In Phase 6,"DHA Phase 6, DHA Defence",6.3 Crore,This Villa Is Located Near At peak,Lahore
Beautiful Interior Designed 1 Kanal Modern Edge Villa For Sale In Phase 6,"DHA Phase 6, DHA Defence",7 Crore,This Villa Is Located Near At peak,Lahore
Beautiful Interior Designed 1 Kanal Modern Edge Villa For Sale In Phase 6,"DHA Phase 6, DHA Defence",7.2 Crore,This Villa Is Located Near At peak,Lahore
One Bedroom Furnished 1 Kanal House in DHA Phase 7 For Sale,"DHA Phase 7, DHA Defence",6.9 Crore,This Villa Is Located Near At peak,Lahore
23 MARLA VICTORIAN DESIGN BUNGALOW WITH 2 KANAL FRONT NEAR DEFENCE RAYA,"DHA Phase 6, DHA Defence",7.14 Crore,"One Kanal Bungalow Details 
5 Maste",Lahore
1 Kanal Modern Designed House For Sale In Dha Phase 6,"DHA Phase 6, DHA Defence",9.75 Crore,HOTLINK ESTATE PRESENTS TOP OF THE,Lahore
"DHA PHASE 7, 1 KANAL MODERN DESIGN HOUSE FOR SALE.","DHA Phase 7, DHA Defence",69.3 Lakh,HOTLINK ESTATE PROUDLY OFFERS 1 KAN,Lahore
5 Marla Brand New Modern Designer Bungalow For Sale Near To Park In Dha 9 Town,"DHA 9 Town, DHA Defence",6.25 Crore,"NEW HIRA ESTATE OFFER
5 MARLA BRAND",Lahore
1KANAL EYE CATCHING MOST AWAITED VICTORIAN BUNGALOW FOR SALE,"DHA Phase 5, DHA Defence",1.79 Crore,LEADS ESTATES beautiful Elegant Mod,Lahore
5 Marla Beautiful Luxurious Brand new house,"Park View City, Lahore",74.9 Lakh,"5 Marla Brand New 
4 BED ROOM House",Lahore
Step Inside This Jaw-dropping Modern Mansion With A Double-height Lobby,"DHA Phase 6, DHA Defence",7.86 Crore,Brilliant Estate Offer 1kanal brand,Lahore
Buy 5 Marla House At Highly Affordable Price,"Pak Arab Housing Society, Lahore",1.89 Crore,This well-planned House enjoys well,Lahore
10 Marla House Is Available For Sale In Elite Town Block A Lahore,"Elite Town - Block A, Elite Town",6.75 Crore,10 Marla House Is Available For Sal,Lahore
1 Kanal Like Brand New Designer House Prime Location,"DHA Phase 7 - Block Q, DHA Phase 7",1.25 Crore,DHA Lahore top most housing communi,Lahore
1 Kanal Full Furnished House With Luxurious Basement,"DHA Phase 3 - Block Y, DHA Phase 3",1.3 Crore,1 Kanal House Full Furnished at DHA,Lahore
21.5 Marla Corner Modern (Out Of Market) House With Basement For Sale In DHA Phase 6,"DHA Phase 6, DHA Defence",7.45 Crore,LEADS ESTATE OFFERS' HIDDEN OUT OF,Lahore
10 marla slightly used house for sale in sector C Gulmohar block,"Bahria Town - Sector C, Bahria Town",13.5 Crore,Khurram Associates and Marketing Of,Lahore
1 kanal slightly used house for sale in sector C,"Bahria Town - Sector C, Bahria Town",7.35 Crore,Kahaf Associates and Marketing Offe,Lahore
5 Marla Brand New House For Sale In Canal Garden,"Canal Garden, Lahore",3.5 Crore,KHURRAM Associates and Marketing Of,Lahore
1 Kanal Brand New Luxury Modern Designed House For Sale In Sector C,"Bahria Town - Sector C, Bahria Town",6.25 Crore,Kahaf Associates and Marketing Offe,Lahore
12 Marla Corner Facing Park Slightly Used House For Sale In Sector E,"Bahria Town - Sector E, Bahria Town",1.85 Crore,Khurram Associates and Marketing Of,Lahore
Beautiful Spanish Designed 1 Kanal House In DHA Phase 6 For Sale,"DHA Phase 6, DHA Defence",9.75 Crore,This Villa Is Located Near At peak,Lahore
Well-constructed Brand New House Available For sale In Allama Iqbal Town,"Allama Iqbal Town, Lahore",3.65 Crore,The House you have been looking to,Lahore
Urgent Sale Owner Built Kanal House,"Bahria Town - Jasmine Block, Bahria Town - Sector C",7 Crore,(DHA Regd Agency) Offers Excellent,Lahore
Urgent Sale 10marla House,"Bahria Town - Takbeer Block, Bahria Town - Sector B",5.9 Crore,(DHA Regd Agency) Offers Excellent,Lahore
Brand New 10 Marla House Available In Allama Iqbal Town For sale,"Allama Iqbal Town, Lahore",8.24 Crore,Look no further as we have the best,Lahore
Brand New,"Allama Iqbal Town, Lahore",3.5 Crore,If you're looking for a House for i,Lahore
Brand New,"Allama Iqbal Town, Lahore",6.5 Crore,The House you were looking for is n,Lahore
Brand New,"Allama Iqbal Town, Lahore",5.8 Crore,Your family will later thank you fo,Lahore
Owner Built 1 Kanal High Quality House With Large Lawn And Back Open To Park,"Bahria Town Phase 4, Bahria Town Rawalpindi",8.75 Crore,Triple Storey Owner Built 1 Kanal H,Rawalpindi
Low Price 10 Marla Corner House With Lawn At A Peaceful Location,"Bahria Town Phase 8, Bahria Town Rawalpindi",3.3 Crore,"Corner 10 Marla House With Lawn 
Pr",Rawalpindi
Amazing 12 Marla House On 60ft Boulevard Near Future World School,"Bahria Town Phase 8, Bahria Town Rawalpindi",86.36 Lakh,Amazing 12 Marla House On 60ft Boul,Rawalpindi
House available forsale in green villas adiala road rawalpindi,"Snober City - Green Villas, Snober City",4 Crore,Brand new proper double unit house,Rawalpindi
Brand new house available forsale in adiala road snober city rawalpindi,"Snober City, Adiala Road",1.5 Crore,Brand new house available forsale i,Rawalpindi
5 Marla House In Stunning Snober City Is Available For sale,"Snober City, Adiala Road",1.29 Crore,The House is well designed to accom,Rawalpindi
A Prime Location 5 Marla House Is Up For Grabs In Adiala Road,"Snober City, Adiala Road",1.45 Crore,House for sale in snober city adial,Rawalpindi
Park Street Front Open 7 Marla Used House for Sale,"Bahria Town Phase 8 - Abu Bakar Block, Bahria Town Phase 8 - Safari Valley",1.5 Crore,"Park Street 
Front Open 
Most Prime",Rawalpindi
7 mrla brand new double unit house available for sale in usman block phase 8,"Bahria Town Phase 8 - Usman Block, Bahria Town Phase 8 - Safari Valley",2.65 Crore,7 mrla brand new double unit house,Rawalpindi
5 mrla brand new single unit house available for sale in phase 8 ali block,"Bahria Town Phase 8 - Ali Block, Bahria Town Phase 8 - Safari Valley",3.2 Crore,5 mrla brand new single unit house,Rawalpindi
Luxurious Corner Designer House With 2 Car Porches,"Bahria Town Phase 8 - Usman Block, Bahria Town Phase 8 - Safari Valley",2 Crore,"We are selling a brand new, corner",Rawalpindi
Designer 27 Marla House With Spacious Car Porch And Huge Lawn,"Bahria Town Phase 8, Bahria Town Rawalpindi",3.1 Crore,Luxurious House With Modern Archite,Rawalpindi
Bahria Town 5 Marla House For Sale With Gas,"Bahria Town Phase 8 - Ali Block, Bahria Town Phase 8 - Safari Valley",11.5 Crore,"*Ali block Used House*
*Gas Availab",Rawalpindi
Luxury House For Sale Ali Block Phase 8 Bahria Town Rawalpindi,"Bahria Town Phase 8 - Ali Block, Bahria Town Phase 8 - Safari Valley",1.9 Crore,"Ali block
For Sale
Brand New House",Rawalpindi
DOUBLE UNIT 5 MARLA ULTRA MODERN BRAND NEW HOUS FOR SALE IN RAFI BLOCK PHASE 8 BAHRIA TOWN Rawalpindi,"Bahria Town Phase 8 - Rafi Block, Bahria Town Phase 8",2.05 Crore,DOUBLE UNIT 5 MARLA ULTRA MODERN BR,Rawalpindi
Brand New Luxury 5 Marla House For Sale Located In Ali Block Phase 8 Bahria Town Rawalpindi,"Bahria Town Phase 8 - Ali Block, Bahria Town Phase 8 - Safari Valley",1.8 Crore,Brand New Luxury 5 Marla House For,Rawalpindi
4 BEDS USED 5 MARA BUNGALOW FOR SALE LOCATED IN PHASE 8 BAHRIA TOWN RAWALPINDI,"Bahria Town Phase 8, Bahria Town Rawalpindi",1.9 Crore,4 BEDS USED 5 MARA BUNGALOW FOR SAL,Rawalpindi
5 Marla House for sale,"Bahria Town Phase 8 - Safari Valley, Bahria Town Phase 8",1.7 Crore,"5 Marla House For Sale
4 Bedroom At",Rawalpindi
4 BEDS BRAND NEW 5 MARA BUNGALOW FOR SALE LOCATED IN PHASE 8 BAHRIA TOWN RAWALPINDI,"Bahria Town Phase 8, Bahria Town Rawalpindi",1.85 Crore,4 BEDS BRAND NEW 5 MARA BUNGALOW FO,Rawalpindi
4 BEDS BRAND NEW 5 MARA BUNGALOW FOR SALE LOCATED IN PHASE 8 BAHRIA TOWN RAWALPINDI,"Bahria Town Phase 8, Bahria Town Rawalpindi",2 Crore,4 BEDS BRAND NEW 5 MARA BUNGALOW FO,Rawalpindi
In Lalazar 2 House For sale Sized 2.5 Marla,"Lalazar 2, Rawalpindi",1.9 Crore,A House is readily available in a p,Rawalpindi
Brand New Beautiful Home Available For Sale In Al Haram City Charkri Road,"Al-Haram City, Chakri Road",35 Lakh,This House comes with modern ceilin,Rawalpindi
6 BEDS BRAND NEW 10 MARA BUNGALOW FOR SALE LOCATED IN PHASE 8 BAHRIA TOWN RAWALPINDI,"Bahria Greens - Overseas Enclave - Sector 6, Bahria Greens - Overseas Enclave",83 Lakh,6 BEDS BRAND NEW 10 MARA BUNGALOW F,Rawalpindi
4 BEDS BRAND NEW 5 MARA BUNGALOW FOR SALE LOCATED IN PHASE 8 BAHRIA TOWN RAWALPINDI,"Bahria Town Phase 8, Bahria Town Rawalpindi",4.25 Crore,4 BEDS BRAND NEW 5 MARA BUNGALOW FO,Rawalpindi
10 Marla Designer Used House Is Available For Sale Bahria Town Phase 8 Rawalpindi,"Bahria Town Phase 8, Bahria Town Rawalpindi",3.35 Crore,"This Five bedroom, Six-and-a-half b",Rawalpindi
Back Open VIP Villa At Prime Location,"Bahria Town Phase 8, Bahria Town Rawalpindi",3.7 Crore,Amazing 10 Marla 5 Bed Double Unit,Rawalpindi
VIP Designer Villa At Amazing Location,"Bahria Town Phase 7, Bahria Town Rawalpindi",1.37 Crore,Specious Designer House At Amazing,Rawalpindi
Pair House Grey Structure Is Available For Sale,"Bahria Town Phase 8 - Umer Block, Bahria Town Phase 8 - Safari Valley",4.5 Crore,"Pair Houses
Gray structure ready
Ho",Rawalpindi
10 Marla Three Side Corner Designer House For Sale,"Snober City - Bilal Block, Snober City",3.1 Crore,"10 Marla Brand New House

2 Car por",Rawalpindi
1 Kanal And 5 Marla Luxury House In Bahria Town,"Bahria Town Phase 3, Bahria Town Rawalpindi",39 Lakh,1 kanal and 5 Marla beautiful House,Rawalpindi
"Flat For sale In Rs. 31,500,000","Askari 14, Rawalpindi",1.6 Crore,3 bed SOUTH FACING FLAT FOR SALE As,Rawalpindi
5.5 MARLA BRAND NEW CORNER DOUBLE STORY HOUSE FOR SELL AT AIRPORT HOUSING SOCIETY SECTOR 4,"Airport Housing Society - Sector 4, Airport Housing Society",12 Crore,5 MARLA BRAND NEW CORNER DOUBLE STO,Rawalpindi
One-bedroom Apartment For Sale Near Arena Cinema,"Bahria Town Phase 4, Bahria Town Rawalpindi",3.15 Crore,Nestled in the heart of the vibrant,Rawalpindi
Prominently Located On Excellent Location 10 Marla House Available In Bahria Town Phase 4,"Bahria Town Phase 4, Bahria Town Rawalpindi",1.78 Crore,10 marla designing house for sale i,Rawalpindi
Bahria heights1 (club building ) 2bed flate available for sale,"Bahria Heights 1, Bahria Town Rawalpindi",1.2 Crore,bahria heights1 two bedrooms fully,Rawalpindi
Bahria River loaft two bedroom new Apartment for Sale available,"River Loft, Bahria Town Rawalpindi",5.75 Crore,Bahria town phase 7 River loaft Two,Rawalpindi
1 Kanal Brand New Luxury House In Bahria Town,"Bahria Town Phase 4, Bahria Town Rawalpindi",3.15 Crore,1 Kanal beautiful House For Sale In,Rawalpindi
Ten Marla Beautiful House In Bahria Town,"Bahria Town Phase 4, Bahria Town Rawalpindi",3.15 Crore,"Excellent Interior And Exterior. 
n",Rawalpindi
Owner Built Spectacular Used House For Sale With Solar Panels Installed Outclass locatio near park & commercial,"Bahria Town Phase 4, Bahria Town Rawalpindi",10.5 Crore,Owner Built Beautiful House For Sal,Rawalpindi
Abu Bakar Block 7 Marla Designer House Is Available For Sale Bahria Town Phase 8 Rawalpindi,"Bahria Town Phase 8 - Abu Bakar Block, Bahria Town Phase 8 - Safari Valley",5.5 Crore,"Abu Bakar Block 
Size:7 Marla
Doubl",Rawalpindi
5 Marla Brand New Designer House Is Available For Sale Bahria Town Phase 8 Rawalpindi,"Bahria Town Phase 8, Bahria Town Rawalpindi",8.4 Crore,"This Four bedroom, Four-and-a-half",Rawalpindi
4 BEDS BRAND NEW 5 MARA BUNGALOW FOR SALE LOCATED IN PHASE 8 BAHRIA TOWN RAWALPINDI,"Bahria Town Phase 8, Bahria Town Rawalpindi",2.35 Crore,4 BEDS BRAND NEW 5 MARA BUNGALOW FO,Rawalpindi
4 BEDS BRAND NEW 5 MARA BUNGALOW FOR SALE LOCATED IN PHASE 8 BAHRIA TOWN RAWALPINDI,"Bahria Town Phase 8, Bahria Town Rawalpindi",1.95 Crore,4 BEDS BRAND NEW 5 MARA BUNGALOW FO,Rawalpindi
4 Marla House KRL Riffat Shaheen Road Brand New,"Dhoke Gangal, Rawalpindi",1.9 Crore,Located at KRL Road Gangal - Near F,Rawalpindi
Krl Road 3 Marla Double Storey House For Sale With Best Rental Value,"Dhoke Gangal, Rawalpindi",2.1 Crore,"3 Marla House - 11ft Street
Double",Rawalpindi
1 kanal House Available For sale in bahria town phase 6,"Bahria Town Phase 6, Bahria Town Rawalpindi",1.5 Crore,"About the property
6) Bedrooms With",Rawalpindi
1 Kanal And 5 Marla Luxury House In Bahria Town,"Bahria Town Phase 4, Bahria Town Rawalpindi",75 Lakh,1 kanal and 5 Marla beautiful House,Rawalpindi
10 Marla Beautiful House In Bahria Town,"Bahria Town Phase 4, Bahria Town Rawalpindi",8 Crore,"Excellent Interior And Exterior. 
n",Rawalpindi
1 kanal,"Bahria Town Phase 4, Bahria Town Rawalpindi",6.9 Crore,"1 kanal . 
triple unit. 
7 bedroom.",Rawalpindi
Defence Villa Corner Available for sale in DHA sector F,"Bahria Town Phase 7, Bahria Town Rawalpindi",3.8 Crore,"3 bedrooms attached baths
TV lounge",Rawalpindi
Luxurious designer house forsale bahria intellectual village phase 7 rawalpindi,"Bahria Town Phase 7, Bahria Town Rawalpindi",65 Lakh,Brand new luxurious designer house,Rawalpindi
Front Open 9 Marla with Lawn House,"Bahria Town Phase 8 - Safari Valley, Bahria Town Phase 8",18.5 Crore,Heighted Location - Font Open - Law,Rawalpindi
Buy 1125 Square Feet Brand New Designer House Is Available For Sale Bahria Town Phase 8 Rawalpindi,"Bahria Town Phase 8, Bahria Town Rawalpindi",2.75 Crore,"This Three bedroom, Four-and-a-half",Rawalpindi
Spacious On Excellent Location House Is Available In Bahria Town Phase 4 For Sale,"Bahria Town Phase 4, Bahria Town Rawalpindi",1.26 Crore,10 marla designing house for sale i,Rawalpindi
Prime Location House For Grabs In 10 Marla Rawalpindi,"Bahria Town Phase 8 - Block H, Bahria Town Phase 8",1.85 Crore,We offer you just the right House t,Rawalpindi
1 knal brand new house available for sale in bahria town phase 4,"Bahria Town Phase 4, Bahria Town Rawalpindi",5.75 Crore,Discover a one-of-a-kind designer h,Rawalpindi
BRAND NEW 12 MARLA HOUSE Available For Sale in Media Town Block D Rawalpindi,"Media Town - Block D, Media Town",4.25 Crore,BRAND NEW 12 MARLA HOUSE Available,Rawalpindi
5 Marla Elegant House Available For Sale At Prime Location Of Chaklala Scheme 3 Rawalpindi,"Chaklala Scheme 3, Chaklala Scheme",9.75 Crore,5 Marla Elegant House Is For Sale A,Rawalpindi
new One bedroom front view for sale in bahria civic centre,"Bahria Town - Civic Centre, Bahria Town Phase 4",5.7 Crore,Bahria Town phase4 civic centre One,Rawalpindi
D block Bahria heights1 one bedroom Furnish For Sale available,"Bahria Heights 1, Bahria Town Rawalpindi",2.3 Crore,Bahria heights1 D block One bedroom,Rawalpindi
"10 Marla Single Story Brand New House is Available For Sale In Gulshan Abad Sector # 4, Adyala Road Rawalpindi.","Gulshan Abad, Rawalpindi",90 Lakh,"Description : 

Home decor Property",Rawalpindi
Prime Location 5 Marla Spacious House Is Available In Snober City For sale,"Snober City, Adiala Road",1.75 Crore,House for sale in snober city adial,Rawalpindi
BRAND NEW 7 MARLA BUNGALOW FOR SALE LOCATED IN H BLOCK PHASE 8 BAHRIA TOWN RAWALPINDI,"Bahria Town Phase 8 - Block H, Bahria Town Phase 8",1.6 Crore,BRAND NEW 7 MARLA BUNGALOW FOR SALE,Rawalpindi
2 BEDS AWAMI VILLA FOR SALE LOCAETD IN BAHRIA TOWN RAWALPINDI,"Bahria Town Phase 8 - Awami Villas 2, Bahria Town Phase 8",1.25 Crore,2 BEDS AWAMI VILLA FOR SALE LOCAETD,Rawalpindi
4 BEDS BRAND NEW 5 MARA BUNGALOW FOR SALE LOCATED IN PHASE 8 BAHRIA TOWN RAWALPINDI,"Bahria Town Phase 8 - Ali Block, Bahria Town Phase 8 - Safari Valley",2.9 Crore,4 BEDS BRAND NEW 5 MARA BUNGALOW FO,Rawalpindi
26 Marla Used House Available For Sale In Bahria Town Phase 1 Rawalpindi,"Bahria Town Phase 1, Bahria Town Rawalpindi",70 Lakh,26 Marla Used House It Has 5 Bedroo,Rawalpindi
1 Kanal With Basement Brand New Luxury Designer House Available For Sale At Bahria Town Phase3 Rawalpindi,"Bahria Town Phase 3, Bahria Town Rawalpindi",2 Crore,1 kanal with open basement house it,Rawalpindi
28 Marla Brand New Luxury Designer House Available For Sale In Bahria Town Phase 3,"Bahria Town Phase 3, Bahria Town Rawalpindi",8.5 Crore,28 marla brand new luxury double un,Rawalpindi
10 marla brand new house available for sale in bahria town phase7,"Bahria Town Phase 7, Bahria Town Rawalpindi",10 Crore,10 marla brand new house it has 5 b,Rawalpindi
10.5 Marla Designer Brand New House Is Available For Sale Bahria Town Phase 8 Rawalpindi,"Bahria Town Phase 8 - Safari Valley, Bahria Town Phase 8",10.5 Crore,Nice property with great landscapin,Rawalpindi
10 Marla Designer House With Lawn Is Available For Sale Bahria Town Phase 8 Rawalpindi,"Bahria Town Phase 8 - Safari Valley, Bahria Town Phase 8",3.7 Crore,Nice property with great landscapin,Rawalpindi
1 Kanal Brand New Luxury Double Unit House For Sale In Bahria Town Phase 2,"Bahria Town Phase 2, Bahria Town Rawalpindi",4.5 Crore,1 Kanal Brand New 5 Bedroom With At,Rawalpindi
11 Marla Brand New Luxury Double Unit House Available For Sale In Phase 2,"Bahria Town Phase 2, Bahria Town Rawalpindi",3.1 Crore,11 Marla Brand New Luxury Double Un,Rawalpindi
10 Marla investor price House for sale in bahria town,"Bahria Town Phase 3, Bahria Town Rawalpindi",4.6 Crore,"5 bedroom attach bath
tv lounge
dra",Rawalpindi
Prime Location House For sale In Bahria Town Phase 8 - Ali Block,"Bahria Town Phase 8 - Ali Block, Bahria Town Phase 8 - Safari Valley",1.85 Crore,House for sale in bahria town phase,Rawalpindi
Buy A Centrally Located Prime Location 5.5 Marla House In Bahria Town Phase 8 - Ali Block,"Bahria Town Phase 8 - Ali Block, Bahria Town Phase 8 - Safari Valley",86.36 Lakh,House for sale in bahria town phase,Rawalpindi
Looking For A House In Bahria Town Phase 4 Rawalpindi,"Bahria Town Phase 4, Bahria Town Rawalpindi",2.05 Crore,"Bahria phase 4
 Brandnew house 
4 b",Rawalpindi
Your Dream 1 Kanal House Is Available In Bahria Town Phase 2,"Bahria Town Phase 2, Bahria Town Rawalpindi",5.5 Crore,"Bahria town phase 2
Kanal designer",Rawalpindi
old dubel uenit house for sale old is gold near askria14secter d back to janjow twon,"Defence Road, Rawalpindi",1.26 Crore,5marla old house for sale 4bed room,Rawalpindi
HOUSE FOR SALE NAER ASKRI 7 KHAWAJA CORPORTION CHOWK,"Adiala Road, Rawalpindi",12.25 Crore,3.25marla house for sale vip lactio,Rawalpindi
Fully Furnished Tremezzo Apartment For Sale,"Bahria Town Phase 7, Bahria Town Rawalpindi",1.05 Crore,"One Bed Furnished Apartment
Beautif",Rawalpindi
Buying A Prime Location House In Rawalpindi?,"Bahria Greens - Overseas Enclave - Sector 2, Bahria Greens - Overseas Enclave",55 Lakh,"Bahria Greens Overseas 2
Street 1
1",Rawalpindi
"10 Marla Fully Furnished House For Sale In Overseas 2, Bahria Town Phase 8","Bahria Town Phase 8, Bahria Town Rawalpindi",1.75 Crore,"- Prime Location &amp; Solid Land
-",Rawalpindi
River loaft Bahria penthouse available For Sale in bahria town phase7,"River Loft, Bahria Town Rawalpindi",4.8 Crore,"Bahria town phase7 
PENTHOUSE avail",Rawalpindi
Luxury 1 Kanal Semi Furnished House AT Prime Location In Phase 4,"Bahria Town Phase 4, Bahria Town Rawalpindi",4.85 Crore,Luxurious 1 Kanal House With All Th,Rawalpindi
15-Marla House (450 Square Yards),"Chaklala Scheme 3, Chaklala Scheme",3.65 Crore,This house is situated at Walayat H,Rawalpindi
5 Marala double story corner house for sale at Lane no 3 Quaid E Azam colony near Iqbal market and Gulzar mosque,"Quaid-e-Azam Colony, Rawalpindi",11.25 Crore,5 Marala double story corner house,Rawalpindi
Your Search For House In Rawalpindi Ends Here,"Snober City, Adiala Road",4 Crore,Whatever kind of House you are look,Rawalpindi
6 Marla House For sale In Snober City,"Snober City, Adiala Road",87 Lakh,This House is ideal for those of yo,Rawalpindi
Good 10 Marla House For sale In Snober City,"Snober City, Adiala Road",1.35 Crore,For the kind of well-designed House,Rawalpindi
"10 Marla Brand New House For Sale In Bahria Town Phase3,","Bahria Town Phase 3, Bahria Town Rawalpindi",1.2 Crore,10 Marla Brand New Luxury Double Un,Rawalpindi
7 Marla Designer House Is Available For Sale Bahria Town Phase 8 Rawalpindi,"Bahria Town Phase 8, Bahria Town Rawalpindi",1.5 Crore,"This Five bedroom, Six-and-a-half b",Rawalpindi
Buy 1125 Square Feet Designer House Is Available For Sale Bahria Town Phase 8 Rawalpindi,"Bahria Town Phase 8, Bahria Town Rawalpindi",4.95 Crore,"This Three bedroom, Four-and-a-half",Rawalpindi
5 Marla Designer Used House Is Available For Sale Bahria Town Phase 8 Rawalpindi,"Bahria Town Phase 8, Bahria Town Rawalpindi",2.6 Crore,"This Three bedroom, Four-and-a-half",Rawalpindi
5 Marla Beautiful House Available For Sale In Bahria Town Phase 8,"Bahria Town Phase 8, Bahria Town Rawalpindi",1.8 Crore,Nice property with great landscapin,Rawalpindi
10 Marla Designer House Is Available For Sale Bahria Town Phase 8 Rawalpindi,"Bahria Town Phase 8, Bahria Town Rawalpindi",1.72 Crore,"This Five bedroom, Six-and-a-half b",Rawalpindi
2 BEDS BRAND NEW 4 MARA VILLA FOR SALE LOCATED IN PHASE 8 BAHRIA TOWN RAWALPINDI,"Bahria Town Phase 8 - Awami Villas 2, Bahria Town Phase 8",1.85 Crore,2 BEDS BRAND NEW 4 MARA VILLA FOR S,Rawalpindi
6 BEDS BRAND NEW 7 MARA BUNGALOW FOR SALE LOCATED IN PHASE 8 BAHRIA TOWN RAWALPINDI,"Bahria Town Phase 8, Bahria Town Rawalpindi",3.6 Crore,6 BEDS BRAND NEW 7 MARA BUNGALOW FO,Rawalpindi
2 Kanal 10 Marla Farm House Is Available For Sale In Police Officers Colony Abbottabad,"Police Officers Colony, Abbottabad",15 Crore,2 Kanal 10 Marla Farm House Is Avai,Abbottabad
Hotel suit apartment for sale on 3 years instalment plan,"Kuzagali, Abbottabad",68 Lakh,Hotel suit apartment for sale on 3,Abbottabad
7 Marla House,"Maira Muzzafar, Abbottabad",1.05 Crore,7 Marla single story house located,Abbottabad
4500 Square Feet House For Sale In Habibullah Colony,"Habibullah Colony, Abbottabad",1.1 Crore,Kanal House for sale located at Hab,Abbottabad
Luxury 3 Bedroom Apartment Is Available on Easy Installment Plan in Nathia Gali,"Nathia Gali, Abbottabad",9.35 Crore,*Pine Rock Apartments A marvel of c,Abbottabad
House for sale,"Gulfam Town Society, Abbottabad",96 Lakh,7.85 Marla newly constructed house,Abbottabad
One Bed Studio Apartment On Installments In Khaira Gali Murree,"Khaira Gali, Abbottabad",4.9 Crore,We are offering service apartments,Abbottabad
4 Marla Single Storey House,"Thanda Choha, Abbottabad",2.2 Crore,4 Marla single Storey House for sal,Abbottabad
5 Marla Single Storey House,"Bilal Town, Abbottabad",1.2 Crore,5 Marla single Storey House for sal,Abbottabad
22 Marla House for sale,"Usmanabad, Abbottabad",75 Lakh,22 Marla house for sale. Corner plo,Abbottabad
6.5 Marla House,"Murree Road, Abbottabad",1.1 Crore,6.5 Marla house for sale located at,Abbottabad
7 Marla double story house for sale,"Javaid Shahid Road, Abbottabad",4 Crore,7 Marla double story house located,Abbottabad
Amazing Designer House Is Available At Very Out Class Location Kaghan Colony Mandian Abbottabad.,"Kaghan Colony, Abbottabad",1.25 Crore,Amazing designer house is available,Abbottabad
8 Marla House Available For Sale At Kala Pul Abbottabad,"Karakoram Highway, Abbottabad",2.44 Crore,8 Marla House Available For Sale At,Abbottabad
4 Marla House for sale,"Maira Muzzafar, Abbottabad",4.8 Crore,4 Marla single story house located,Abbottabad
5 Marla House for sale,"Others, Abbottabad",2.2 Crore,5 Marla single story house located,Abbottabad
House for sale,"Small Industry Road, Abbottabad",90 Lakh,6.5 Marla double story house locate,Abbottabad
"Khaira Gali-a Place Where You Find Your Peace, Most Stunning Views And Architecture Flat For Sale","Khaira Gali, Abbottabad",80 Lakh,UNITY ESTATES presenting yet anothe,Abbottabad
House For sale In Gohar Ayub Town Gohar Ayub Town,"Gohar Ayub Town, Abbottabad",2.1 Crore,A House like this can be hard to co,Abbottabad
Get In Touch Now To Buy A House In Officers Colony,"Officers Colony, Abbottabad",1.82 Crore,Whatever kind of House you are look,Abbottabad
10 Marla House In Central Habibullah Colony For sale,"Habibullah Colony, Abbottabad",3 Crore,House comes with different bedroom,Abbottabad
Well-constructed House Available For Sale In Supply,"Supply, Abbottabad",1.6 Crore,Know that this House right here is,Abbottabad
Ready To Buy A House In Bilal Town Bilal Town,"Bilal Town, Abbottabad",4.3 Crore,"Of course, if you're looking for Ho",Abbottabad
Ready To Buy A House 8 Marla In Jhangi Syedan,"Jhangi Syedan, Abbottabad",2.3 Crore,A House that is located in the prim,Abbottabad
Double Storey House Available For Sale,"Supply, Abbottabad",1.4 Crore,Double Storey House Available For s,Abbottabad
7 Marla Single Storey House,"Gulfam Town Society, Abbottabad",1.45 Crore,7 Marla single Storey House located,Abbottabad
7 Marla single Storey House,"Thanda Choha, Abbottabad",1.3 Crore,7 Marla single Storey House located,Abbottabad
Snow Line Residence Exquisitely Fully Furnished Apartments For Sale,"Nathia Gali, Abbottabad",54.62 Lakh,"Al Meezan Properties Offer!
Exquisi",Abbottabad
1 Bed Apartment For Sale On Instalment,"Kuzagali, Abbottabad",2.25 Crore,Swiss Suites Ayubia offers 1 and 2,Abbottabad
A House Of 16 Marla In Habibullah Colony,"Habibullah Colony, Abbottabad",64.64 Lakh,"House for sale in Abbottabad. 
Habi",Abbottabad
Beautiful House Available For Sale In Rah E Aman Habibullah Colony,"Habibullah Colony, Abbottabad",60.22 Lakh,Beautiful House Available For Sale,Abbottabad
House for sale in Main Jinnahabad,"Jinnahabad, Abbottabad",4.5 Crore,Double story house for sale in Jinn,Abbottabad
Ideally Located House Of 1 Kanal Is Available For sale In Kaghan Colony,"Kaghan Colony, Abbottabad",3.65 Crore,This House is a great investment op,Abbottabad
11 Marla Single Storey Houses Is Available,"Maira Muzzafar, Abbottabad",5.6 Crore,11 Marla Single Storey House Locate,Abbottabad
3 Bed Apartment Is Available For Sale On Easy Installments in Very Reasonable Price,"Nathia Gali, Abbottabad",5 Crore,"Pine Rock Resort 
Apartment Is Avai",Abbottabad
House Is Available For Sale Near AMC,"Ayub Medical Complex, Abbottabad",1.9 Crore,This well-planned House enjoys well,Abbottabad
Apartment Is Available For Sale On Easy Installments in Very Reasonable Price,"Nathia Gali, Abbottabad",5.8 Crore,"Pine Rock Resort 
Apartment Is Avai",Abbottabad
5 Marla Grey Structure House For Sale,"Javaid Shahid Road, Abbottabad",1.5 Crore,5 Marla structure double story hous,Abbottabad
6 Marla Double Storey House For Sale In Main Habibullah Colony,"Habibullah Colony, Abbottabad",4.9 Crore,"Looking for a House? Well, don't se",Abbottabad
2 Bedroom Luxury Apartment Is Available in Nathia Gali on Easy Installment Plan,"Nathia Gali, Abbottabad",1.35 Crore,*Pine Rock Apartments A marvel of c,Abbottabad
Nathia Gali 3Bedroom Luxury Apartment Is Available on Easy Installment Plan,"Nathia Gali, Abbottabad",2.4 Crore,*Pine Rock Apartments A marvel of c,Abbottabad
Luxurious Residential Apartment Is Available on Easy Installment Plan in Nathia Gali,"Nathia Gali, Abbottabad",5.8 Crore,*Pine Rock Apartments A marvel of c,Abbottabad
Double Storey House For Sale in Officer Colony Abbottabad,"Officers Colony, Abbottabad",5.4 Crore,Double Story House For Sale in Offi,Abbottabad
6.15 Marla Corner House For Sale At Kakul Road Abbottabad,"Kakul Road, Abbottabad",5.25 Crore,6.15 Marla Corner House For Sale at,Abbottabad
Fully Furnished South Open House For Sale,"Habibullah Colony, Abbottabad",2.2 Crore,Fully Furnished South Open House Fo,Abbottabad
6.15 Marla House For Sale In Habibullah Colony Abbottabad,"Habibullah Colony, Abbottabad",1.9 Crore,6.15 Marla House For Sale in Habibu,Abbottabad
6 Marla House Available For Sale in Habibullah Colony,"Habibullah Colony, Abbottabad",2.7 Crore,6 Marla House Available For Sale in,Abbottabad
"10 Marla Double Unit House for Sale at Aziz Bhatti Road, Habibullah Colony","Habibullah Colony, Abbottabad",3.2 Crore,10 Marla Double Unit House for Sale,Abbottabad
Single Storey House For Sale In Bilal Town Abbottabad,"Bilal Town, Abbottabad",3 Crore,Single Story House For Sale In Bila,Abbottabad
Double Storey House For Sale Near Peace College Girls Bandhan Shadi Hall Street,"Supply, Abbottabad",2.9 Crore,Double Storey House For Sale Near P,Abbottabad
5 Marla single story house,"Maira Tal Road, Abbottabad",95 Lakh,5 Marla single story house located,Abbottabad
Triple Story House For Sale in Kaghan Colony Mandian Abbottabad,"Kaghan Colony, Abbottabad",2.6 Crore,Triple Story House For Sale in Kagh,Abbottabad
Double Storey House For Sale In Officer Colony Abbottabad,"Officers Colony, Abbottabad",1.05 Crore,Double Story House For Sale in Offi,Abbottabad
6 Marla House for sale,"Small Industry Road, Abbottabad",2.7 Crore,6 Marla double story house located,Abbottabad
Luxury Family 3 Bedroom Apartment Is Available on Easy Installment Plan in Nathia Gali,"Nathia Gali, Abbottabad",1.2 Crore,*Pine Rock Apartments A marvel of c,Abbottabad
Double Storey House For sale in Hassan Town Abbottabad,"Hassan Town, Abbottabad",60.22 Lakh,Double Storey House For sale in Has,Abbottabad
Double story house for sale in supply abbottabad,"Supply, Abbottabad",4.9 Crore,Double story double kitchen house f,Abbottabad
10 Marla Double Storey Brand New House At Habibullah Colony Abbottabad,"Habibullah Colony, Abbottabad",1.7 Crore,10 Marla double storey Brand New ho,Abbottabad
5.5 Marla Double Storey New House,"Small Industry Road, Abbottabad",2.5 Crore,5.5 Marla Double Story House Locate,Abbottabad
Looking For A House In Gulfam Town Society,"Gulfam Town Society, Abbottabad",3.65 Crore,15 Marla House at Kala phul south o,Abbottabad
6 Marla Double Storey South Open House For Sale In Street 11,"Habibullah Colony, Abbottabad",1.5 Crore,6 Marla Double Storey South Open Ho,Abbottabad
11 Marla Double Storey House For Sale In Habibullah Colony,"Habibullah Colony, Abbottabad",3.5 Crore,11 Marla Double Storey House For Sa,Abbottabad
Single Storey House For Sale In Orish Colony Nawansher,"Nawansher, Abbottabad",2.95 Crore,Single Storey House For Sale in Ori,Abbottabad
Double Storey House For Sale In Nawansher Mera,"Nawansher, Abbottabad",3.75 Crore,Double Storey House For Sale in Naw,Abbottabad
New Double Storey House For Sale In Gulfarm Town,"Gulfam Town Society, Abbottabad",1.15 Crore,7 Marla New Double Storey House For,Abbottabad
Triple Storey House For Sale In Kaghan Colony,"Kaghan Colony, Abbottabad",1.1 Crore,Triple Storey House For Sale in kag,Abbottabad
Double Storey House For Sale In University Town,"University Town, Abbottabad",2.2 Crore,Double Storey House For Sale in Uni,Abbottabad
Double Story House For Sale In Sarban Colony Near Ayub Medical Complex,"Sarban Colony, Kakul Road",3.3 Crore,Double Story House For Sale In Sarb,Abbottabad
Single Story House For Sale Near Muqadas Town,"Main Mansehra Road, Abbottabad",1.25 Crore,Single Story House For Sale Near Mu,Abbottabad
Double Story House For Sale in Kaghan Colony abbottabad,"Kaghan Colony, Abbottabad",1.65 Crore,Double Story new House For Sale in,Abbottabad
Double Storey House For Sale Near DSP Masjid Usmanabad,"Usmanabad, Abbottabad",80 Lakh,8 Marla Double storey beautiful hou,Abbottabad
Double Storey House Available For Sale In Habibullah Colony Abbottabad,"Habibullah Colony, Abbottabad",2 Crore,Double Story House Available For Sa,Abbottabad
Single Storey House For Sale In Lower Jinnahabad,"Jinnahabad, Abbottabad",2 Crore,Single Story House For Sale in Lowe,Abbottabad
Beautiful House For Sale In Kala Pul Abbottabad,"Main Mansehra Road, Abbottabad",2.95 Crore,Beautiful House For Sale in Kala Pu,Abbottabad
Studio Apartment For Sale At Zen Apartments,"Zen Apartments, Nathia Gali",2.4 Crore,Zen Apartments is a new and chic ap,Abbottabad
Studio Apartment For Sale At Zen Apartments,"Zen Apartments, Nathia Gali",1.06 Crore,Zen Apartments is a new and chic ap,Abbottabad
Studio Apartment For Sale At Zen Apartments,"Zen Apartments, Nathia Gali",1.16 Crore,Zen Apartments is a new and chic ap,Abbottabad
Apartment For Sale At Zen Apartments,"Zen Apartments, Nathia Gali",1.05 Crore,Zen Apartments is a new and chic ap,Abbottabad
Apartment For Sale At Zen Apartments,"Zen Apartments, Nathia Gali",1.46 Crore,Zen Apartments is a new and chic ap,Abbottabad
Studio Apartment For Sale At Zen Apartments,"Zen Apartments, Nathia Gali",2.02 Crore,Zen Apartments is a new and chic ap,Abbottabad
Ideal House Available For Sale in Mangal Abbottabad very close to Main mansehra road,"Mangal, Abbottabad",60.22 Lakh,Ideal House Available For Sale in M,Abbottabad
10 Marla House,"Habibullah Colony, Abbottabad",1.05 Crore,10 Marla double story house located,Abbottabad
Brand New Double Story House For Sale in Sir Syed Colony Abbottabad,"Sir Syed Colony, Abbottabad",1.3 Crore,Brand New Double Story House For Sa,Abbottabad
Conifer Services Apartments,"Khaira Gali, Abbottabad",2.9 Crore,Those Apartments Are Available In G,Abbottabad
Conifer Services Apartments  Is Available,"Khaira Gali, Abbottabad",1.5 Crore,Those Apartments Are Available In G,Abbottabad
Single Storey House For Sale In Officer Colony Abbottabad,"Officers Colony, Abbottabad",1.76 Crore,Single Storey House For Sale in Off,Abbottabad
beautiful south open house for sale,"Jinnahabad, Abbottabad",1.21 Crore,South,Abbottabad
Habibullah Colony Abbottabad,"Habibullah Colony, Abbottabad",1.2 Crore,"10 Marla 
3 Crore 50 Lac 
Bed 5
Bat",Abbottabad
Newly built house for sale,"Bilal Town, Abbottabad",6.75 Crore,i am selling beautiful house due to,Abbottabad
Triple Story House For Sale Opposite Complex,"Ayub Medical Complex, Abbottabad",3.5 Crore,12 Marla triple story house for sal,Abbottabad
18 Marla House Available For Sale In Barian Bazar Nathia Street,"Nathia Gali, Abbottabad",1.5 Crore,18 Marla house Available for Sale i,Abbottabad
South Open House Bilal Town Abbottabad,"Bilal Town, Abbottabad",3.8 Crore,The House showcases an ultra-modern,Abbottabad
2 Kanal House For Sale In Cantt Abbottabad,"Cantt, Abbottabad",3.5 Crore,Double storey house for sale in can,Abbottabad
A Perfect House Awaits You In Habibullah Colony Habibullah Colony,"Habibullah Colony, Abbottabad",1.4 Crore,Your property search ends right her,Abbottabad
Apartment For Sale At Zen Apartments,"Zen Apartments, Nathia Gali",15 Crore,Zen Apartments is a new and chic ap,Abbottabad
A Good Option For Sale Is The House Available In Usmanabad In Usmanabad,"Usmanabad, Abbottabad",3.75 Crore,"At A Price Like This, The House Is",Abbottabad
Double Storey House For Sale In Jinnahabad,"Jinnahabad, Abbottabad",2.02 Crore,"Beautiful House for sale 
6 beds wi",Abbottabad
3 Bed Apartment Is Available For Sale On Easy Installments in Very Reasonable Price,"Nathia Gali, Abbottabad",1.5 Crore,"Pine Rock Resort 
Apartment Is Avai",Abbottabad
Double Storey House For sale in Hassan Town Abbottabad,"Hassan Town, Abbottabad",7 Crore,Double Storey House For sale in Has,Abbottabad
Double Storey House For Sale In Jinnahabad Abbottabad,"Jinnahabad, Abbottabad",5.25 Crore,Double Storey House For Sale In Jin,Abbottabad
